[
  {
    "key": "Whoxa"
  },
  {
    "key": "Stay connected with your friends and family"
  },
  {
    "key": "To continue, check "
  },
  {
    "key": "Privacy Policy"
  },
  {
    "key": " and "
  },
  {
    "key": "Terms & Conditions."
  },
  {
    "key": "Allow check to continue privacy policy and term condition"
  },
  {
    "key": "Get Started"
  },
  {
    "key": "OTP SENT SUCESSFULLY"
  },
  {
    "key": "Enter valid Phone number"
  },
  {
    "key": "Enter Phone number"
  },
  {
    "key": "Something went wrong while sending OTP"
  },
  {
    "key": "Send OTP"
  },
  {
    "key": "Enter valid mobile number"
  },
  {
    "key": "Hello welcome to chat app"
  },
  {
    "key": "Mobile Number"
  },
  {
    "key": "We will send you 6 digit code on the given phone number"
  },
  {
    "key": "OTP sent Succesfully"
  },
  {
    "key": "Please resend OTP"
  },
  {
    "key": "Login"
  },
  {
    "key": "Please Resend OTP"
  },
  {
    "key": "Please Enter OTP"
  },
  {
    "key": "6 digit OTP has been sent to"
  },
  {
    "key": "Wait for a  00"
  },
  {
    "key": "Resend OTP"
  },
  {
    "key": "Resend Code in 00"
  },
  {
    "key": "CANNOT VERIFY OTP"
  },
  {
    "key": "Error"
  },
  {
    "key": "No Internet Connection"
  },
  {
    "key": "Success"
  },
  {
    "key": "Profile"
  },
  {
    "key": "Please enter username"
  },
  {
    "key": "Please enter first name"
  },
  {
    "key": "Please enter last name"
  },
  {
    "key": "Gender"
  },
  {
    "key": "Male"
  },
  {
    "key": "Female"
  },
  {
    "key": "Username"
  },
  {
    "key": "Last Name"
  },
  {
    "key": "Upload Image"
  },
  {
    "key": "Take Picture"
  },
  {
    "key": "From Gallery"
  },
  {
    "key": "First Name"
  },
  {
    "key": "Country"
  },
  {
    "key": "Phone"
  },
  {
    "key": "Camera"
  },
  {
    "key": "Photo & Video Library"
  },
  {
    "key": "Cancel"
  },
  {
    "key": "Chats"
  },
  {
    "key": "New Group"
  },
  {
    "key": "Search"
  },
  {
    "key": "Archived"
  },
  {
    "key": "Archive chat"
  },
  {
    "key": "Block"
  },
  {
    "key": "Unblock"
  },
  {
    "key": "Chatapp"
  },
  {
    "key": "Document"
  },
  {
    "key": " Contact"
  },
  {
    "key": " Voice message"
  },
  {
    "key": " Link"
  },
  {
    "key": "GIF"
  },
  {
    "key": " Video"
  },
  {
    "key": " Location"
  },
  {
    "key": " Photo"
  },
  {
    "key": "Archive list"
  },
  {
    "key": "Search User"
  },
  {
    "key": "Unarchive"
  },
  {
    "key": "Type Message"
  },
  {
    "key": "Something Error1"
  },
  {
    "key": "File"
  },
  {
    "key": "Photo"
  },
  {
    "key": "Video"
  },
  {
    "key": "Gif"
  },
  {
    "key": "Location"
  },
  {
    "key": "No microphone permission"
  },
  {
    "key": "Send"
  },
  {
    "key": "Start"
  },
  {
    "key": "Selected video file size should be less than 10MB"
  },
  {
    "key": "Copy"
  },
  {
    "key": "Reply"
  },
  {
    "key": "Forward"
  },
  {
    "key": "Delete"
  },
  {
    "key": "Unstar Message"
  },
  {
    "key": "Star Message"
  },
  {
    "key": "0 Page - 0 KB"
  },
  {
    "key": "No PDF info available"
  },
  {
    "key": "View contact"
  },
  {
    "key": "Online"
  },
  {
    "key": "  What are you looking for?"
  },
  {
    "key": "Are you sure you want to Unblock?"
  },
  {
    "key": "Are you sure you want to Block?"
  },
  {
    "key": "Are you sure you want to unblock profile of  "
  },
  {
    "key": "Are you sure you want to block profile of  "
  },
  {
    "key": "UnBlock Contact"
  },
  {
    "key": "Block Contact"
  },
  {
    "key": "Clear chat"
  },
  {
    "key": "Search chat"
  },
  {
    "key": "Add Participants"
  },
  {
    "key": "Please select member"
  },
  {
    "key": "Next"
  },
  {
    "key": "Frequently Contacted"
  },
  {
    "key": "Search name or number"
  },
  {
    "key": "Send to"
  },
  {
    "key": "Contacts on ChatWeb"
  },
  {
    "key": "  All Call         "
  },
  {
    "key": "   Missed Call     "
  },
  {
    "key": "  All         "
  },
  {
    "key": "   Video Call   "
  },
  {
    "key": "   Missed     "
  },
  {
    "key": "Invite Friend to Chatweb "
  },
  {
    "key": "Please wait...!"
  },
  {
    "key": "Invite  "
  },
  {
    "key": "Contact on Chatweb"
  },
  {
    "key": "Group Info"
  },
  {
    "key": "About"
  },
  {
    "key": "Starred Messages"
  },
  {
    "key": "Block Contacts"
  },
  {
    "key": "Tell a firend"
  },
  {
    "key": "Share a link"
  },
  {
    "key": "Logout"
  },
  {
    "key": "Are you sure you want to delete your account?"
  },
  {
    "key": "YES"
  },
  {
    "key": "NO"
  },
  {
    "key": "Currently set to"
  },
  {
    "key": "Write Something..."
  },
  {
    "key": "Select your About"
  },
  {
    "key": "Update"
  },
  {
    "key": "Edit"
  },
  {
    "key": "No starred Messages"
  },
  {
    "key": "Tap and hold on any message to star it, so you can easily find it later."
  },
  {
    "key": "You"
  },
  {
    "key": "Message"
  },
  {
    "key": "Block List"
  },
  {
    "key": "Tell a friend"
  },
  {
    "key": "CONTACTS"
  },
  {
    "key": "User blocked, not able to voice call"
  },
  {
    "key": "Audio"
  },
  {
    "key": "User blocked, not able to video call"
  },
  {
    "key": "Media, links and docs"
  },
  {
    "key": "You haven't share any media"
  },
  {
    "key": "Started Messages"
  },
  {
    "key": "      Media        "
  },
  {
    "key": "      Links       "
  },
  {
    "key": "      Docs        "
  },
  {
    "key": "You haven't share any media with "
  },
  {
    "key": "You haven't share any link with "
  },
  {
    "key": "You haven't share any doc with "
  },
  {
    "key": "Status"
  },
  {
    "key": "My Story"
  },
  {
    "key": "Tap to add your story"
  },
  {
    "key": "Your Story hasn't been viewed by any users yet."
  },
  {
    "key": "View By "
  },
  {
    "key": "Are you sure you want to delete your status?"
  },
  {
    "key": "Are you sure you want to Delete?"
  },
  {
    "key": "Type reply..."
  },
  {
    "key": "Audio Calling"
  },
  {
    "key": "End-to-end encrypted"
  },
  {
    "key": "Group exit"
  },
  {
    "key": "Exit"
  },
  {
    "key": " Group Members"
  },
  {
    "key": "Admin"
  },
  {
    "key": "Remove from group"
  },
  {
    "key": "Group edit"
  },
  {
    "key": "Group Profile"
  },
  {
    "key": "Group Name Change"
  },
  {
    "key": "No image selected."
  },
  {
    "key": "Create"
  },
  {
    "key": "Recent contacts"
  },
  {
    "key": "Contacts on Whoxa"
  },
  {
    "key": "Enter group name"
  },
  {
    "key": "Set group profile"
  },
  {
    "key": "Please add member"
  },
  {
    "key": "Group Name"
  },
  {
    "key": "Admin added "
  },
  {
    "key": "Admin removed you"
  },
  {
    "key": "Admin removed "
  },
  {
    "key": "Chat"
  },
  {
    "key": "Call"
  },
  {
    "key": "Contact"
  },
  {
    "key": "Resend Code in"
  },
  {
    "key": "Wait for a"
  },
  {
    "key": "Language"
  },
  {
    "key": "Terms & Condition"
  },
  {
    "key": "Contact Details\r\n"
  },
  {
    "key": "Non Changeable"
  },
  {
    "key": "Start a new chat with your favorite one and"
  },
  {
    "key": "make every moment count."
  },
  {
    "key": "Start New Chat"
  },
  {
    "key": "Contact on"
  },
  {
    "key": "Settings"
  },
  {
    "key": "Contact Info"
  },
  {
    "key": "Contact Info"
  },
  {
    "key": "Clear Chat"
  },
  {
    "key": "Delete Chat"
  },
  {
    "key": "Block"
  },
  {
    "key": "Block"
  },
  {
    "key": "Coming Soon"
  },
  {
    "key": "Search Messages"
  },
  {
    "key": "No Such Message Found"
  },
  {
    "key": "New Chat"
  },
  {
    "key": "Version"
  },
  {
    "key": "Photo"
  },
  {
    "key": "Video"
  },
  {
    "key": "Settings"
  },
  {
    "key": "Add Group Members"
  },
  {
    "key": "Group"
  },
  {
    "key": "Members"
  },
  {
    "key": "App Language"
  },
  {
    "key": "Settings"
  },
  {
    "key": "Chat"
  },
  {
    "key": "All Call"
  },
  {
    "key": "Missed Call"
  },
  {
    "key": "No Status Found"
  },
  {
    "key": "No Contact Found"
  },
  {
    "key": "Last Seen"
  },
  {
    "key": "Today"
  },
  {
    "key": "at"
  },
  {
    "key": "Block"
  },
  {
    "key": "Report"
  },
  {
    "key": " No Chat Found"
  },
  {
    "key": "You can find contact from contact list, and start chatting"
  },
  {
    "key": "No Status found"
  },
  {
    "key": "You can find your connected friends or family status"
  },
  {
    "key": "No Calls Found"
  },
  {
    "key": "You can find all logs call here"
  },
  {
    "key": "No Missed Calls Found"
  },
  {
    "key": "You will find missed call here"
  },
  {
    "key": "No Block Contact"
  },
  {
    "key": "You don't have any blocked contact to show"
  },
  {
    "key": "No Starred Messages"
  },
  {
    "key": "Tap and hold on any message to star it, so you can easily find it later"
  },
  {
    "key": "No Users found"
  },
  {
    "key": "Invite more users or add them"
  },
  {
    "key": "Delete for me"
  },
  {
    "key": "delete for everyone"
  },
  {
    "key": "are you sure you want to delete your messages?"
  },
  {
    "key": "all calls"
  },
  {
    "key": "missed calls"
  },
  {
    "key": "Contact Details"
  },
  {
    "key": "Tap and hold on any message to archive it, so you can easily find it later."
  },
  {
    "key": "No Calls Found"
  },
  {
    "key": "You can find all logs call here."
  },
  {
    "key": "No Missed Calls Found"
  },
  {
    "key": "You will find missed call here."
  },
  {
    "key": "You can find your connected friends or family status."
  },
  {
    "key": "No Status found"
  },
  {
    "key": "View Location"
  },
  {
    "key": "Contact"
  },
  {
    "key": "Location"
  },
  {
    "key": "Invite Friend to Chatweb"
  },
  {
    "key": "Are you sure you want to Logout?"
  },
  {
    "key": "Your session will expire upon logout. Are you absolutely sure?"
  },
  {
    "key": "Your session will expire upon logout. Are you absolutely sure?"
  }
]
